,,,,,,,calOuputVCalue,efficiency,Value,Total,From the electricity
India,electricity,IndusR,coal,coal (conv pul),coal (conv pul) (cooling pond),1990,0,0.340741,0,2.024642846,2.0246426
India,electricity,SabarmatiR,coal,coal (conv pul),coal (conv pul) (cooling pond),1990,0,0.340741,0,,
India,electricity,GangesR,coal,coal (conv pul),coal (conv pul) (cooling pond),1990,0,0.340741,0,,
India,electricity,MahiR,coal,coal (conv pul),coal (conv pul) (cooling pond),1990,0,0.340741,0,,
India,electricity,BengalBay,coal,coal (conv pul),coal (conv pul) (cooling pond),1990,0,0.340741,0,,
India,electricity,TaptiR,coal,coal (conv pul),coal (conv pul) (cooling pond),1990,0,0.340741,0,,
India,electricity,BengalW,coal,coal (conv pul),coal (conv pul) (cooling pond),1990,0,0.340741,0,,
India,electricity,BrahmaniR,coal,coal (conv pul),coal (conv pul) (cooling pond),1990,0,0.340741,0,,
India,electricity,MahanadiR,coal,coal (conv pul),coal (conv pul) (cooling pond),1990,0,0.340741,0,,
India,electricity,GodavariR,coal,coal (conv pul),coal (conv pul) (cooling pond),1990,0,0.340741,0,,
India,electricity,IndCstNE,coal,coal (conv pul),coal (conv pul) (cooling pond),1990,0,0.340741,0,,
India,electricity,IndCstW,coal,coal (conv pul),coal (conv pul) (cooling pond),1990,0,0.340741,0,,
India,electricity,IrrawaddyR,coal,coal (conv pul),coal (conv pul) (cooling pond),1990,0,0.340741,0,,
India,electricity,KrishnaR,coal,coal (conv pul),coal (conv pul) (cooling pond),1990,0,0.340741,0,,
India,electricity,IndCstE,coal,coal (conv pul),coal (conv pul) (cooling pond),1990,0,0.340741,0,,
India,electricity,PennarR,coal,coal (conv pul),coal (conv pul) (cooling pond),1990,0,0.340741,0,,
India,electricity,CauveryR,coal,coal (conv pul),coal (conv pul) (cooling pond),1990,0,0.340741,0,,
India,electricity,IndCstS,coal,coal (conv pul),coal (conv pul) (cooling pond),1990,0,0.340741,0,,
India,electricity,NarmadaR,coal,coal (conv pul),coal (conv pul) (cooling pond),1990,0,0.340741,0,,
India,electricity,IndusR,coal,coal (conv pul),coal (conv pul) (dry cooling),1990,0.001465651,0.340741,0.004301364,,
India,electricity,SabarmatiR,coal,coal (conv pul),coal (conv pul) (dry cooling),1990,0.002493284,0.340741,0.007317241,,
India,electricity,GangesR,coal,coal (conv pul),coal (conv pul) (dry cooling),1990,0.007958061,0.340741,0.023355161,,
India,electricity,MahiR,coal,coal (conv pul),coal (conv pul) (dry cooling),1990,0.000161584,0.340741,0.000474214,,
India,electricity,BengalBay,coal,coal (conv pul),coal (conv pul) (dry cooling),1990,4.77E-05,0.340741,0.000139989,,
India,electricity,TaptiR,coal,coal (conv pul),coal (conv pul) (dry cooling),1990,0.000488355,0.340741,0.001433215,,
India,electricity,BengalW,coal,coal (conv pul),coal (conv pul) (dry cooling),1990,0.000769193,0.340741,0.002257413,,
India,electricity,BrahmaniR,coal,coal (conv pul),coal (conv pul) (dry cooling),1990,0.000441933,0.340741,0.001296976,,
India,electricity,MahanadiR,coal,coal (conv pul),coal (conv pul) (dry cooling),1990,0.001290782,0.340741,0.003788162,,
India,electricity,GodavariR,coal,coal (conv pul),coal (conv pul) (dry cooling),1990,0.002636865,0.340741,0.00773862,,
India,electricity,IndCstNE,coal,coal (conv pul),coal (conv pul) (dry cooling),1990,0.000336324,0.340741,0.000987037,,
India,electricity,IndCstW,coal,coal (conv pul),coal (conv pul) (dry cooling),1990,0.001074968,0.340741,0.003154795,,
India,electricity,IrrawaddyR,coal,coal (conv pul),coal (conv pul) (dry cooling),1990,4.68E-05,0.340741,0.000137348,,
India,electricity,KrishnaR,coal,coal (conv pul),coal (conv pul) (dry cooling),1990,0.002225628,0.340741,0.006531729,,
India,electricity,IndCstE,coal,coal (conv pul),coal (conv pul) (dry cooling),1990,0.000619951,0.340741,0.00181942,,
India,electricity,PennarR,coal,coal (conv pul),coal (conv pul) (dry cooling),1990,0.000427685,0.340741,0.001255162,,
India,electricity,CauveryR,coal,coal (conv pul),coal (conv pul) (dry cooling),1990,0.000907982,0.340741,0.002664728,,
India,electricity,IndCstS,coal,coal (conv pul),coal (conv pul) (dry cooling),1990,0.000487001,0.340741,0.001429241,,
India,electricity,NarmadaR,coal,coal (conv pul),coal (conv pul) (dry cooling),1990,0.00054199,0.340741,0.001590622,,
India,electricity,IndusR,coal,coal (conv pul),coal (conv pul) (once through),1990,0.01362145,0.340741,0.039975964,,
India,electricity,SabarmatiR,coal,coal (conv pul),coal (conv pul) (once through),1990,0.023172048,0.340741,0.068004872,,
India,electricity,GangesR,coal,coal (conv pul),coal (conv pul) (once through),1990,0.073960508,0.340741,0.217057847,,
India,electricity,MahiR,coal,coal (conv pul),coal (conv pul) (once through),1990,0.001501724,0.340741,0.00440723,,
India,electricity,BengalBay,coal,coal (conv pul),coal (conv pul) (once through),1990,0.00044321,0.340741,0.001300724,,
India,electricity,TaptiR,coal,coal (conv pul),coal (conv pul) (once through),1990,0.004538663,0.340741,0.013319979,,
India,electricity,BengalW,coal,coal (conv pul),coal (conv pul) (once through),1990,0.007148713,0.340741,0.020979903,,
India,electricity,BrahmaniR,coal,coal (conv pul),coal (conv pul) (once through),1990,0.004107228,0.340741,0.012053812,,
India,electricity,MahanadiR,coal,coal (conv pul),coal (conv pul) (once through),1990,0.011996247,0.340741,0.03520635,,
India,electricity,GodavariR,coal,coal (conv pul),coal (conv pul) (once through),1990,0.024506454,0.340741,0.07192106,,
India,electricity,IndCstNE,coal,coal (conv pul),coal (conv pul) (once through),1990,0.003125724,0.340741,0.009173313,,
India,electricity,IndCstW,coal,coal (conv pul),coal (conv pul) (once through),1990,0.009990526,0.340741,0.02932,,
India,electricity,IrrawaddyR,coal,coal (conv pul),coal (conv pul) (once through),1990,0.000434809,0.340741,0.001276069,,
India,electricity,KrishnaR,coal,coal (conv pul),coal (conv pul) (once through),1990,0.020684508,0.340741,0.060704488,,
India,electricity,IndCstE,coal,coal (conv pul),coal (conv pul) (once through),1990,0.005761693,0.340741,0.016909304,,
India,electricity,PennarR,coal,coal (conv pul),coal (conv pul) (once through),1990,0.003974808,0.340741,0.011665189,,
India,electricity,CauveryR,coal,coal (conv pul),coal (conv pul) (once through),1990,0.008438593,0.340741,0.024765417,,
India,electricity,IndCstS,coal,coal (conv pul),coal (conv pul) (once through),1990,0.004526081,0.340741,0.013283054,,
India,electricity,NarmadaR,coal,coal (conv pul),coal (conv pul) (once through),1990,0.005037138,0.340741,0.014782894,,
India,electricity,IndusR,coal,coal (conv pul),coal (conv pul) (seawater),1990,0.005837764,0.340741,0.017132555,,
India,electricity,SabarmatiR,coal,coal (conv pul),coal (conv pul) (seawater),1990,0.009930878,0.340741,0.029144946,,
India,electricity,GangesR,coal,coal (conv pul),coal (conv pul) (seawater),1990,0.03169736,0.340741,0.09302479,,
India,electricity,MahiR,coal,coal (conv pul),coal (conv pul) (seawater),1990,0.000643596,0.340741,0.001888813,,
India,electricity,BengalBay,coal,coal (conv pul),coal (conv pul) (seawater),1990,0.000189947,0.340741,0.000557453,,
India,electricity,TaptiR,coal,coal (conv pul),coal (conv pul) (seawater),1990,0.001945141,0.340741,0.005708562,,
India,electricity,BengalW,coal,coal (conv pul),coal (conv pul) (seawater),1990,0.003063734,0.340741,0.008991386,,
India,electricity,BrahmaniR,coal,coal (conv pul),coal (conv pul) (seawater),1990,0.001760241,0.340741,0.005165921,,
India,electricity,MahanadiR,coal,coal (conv pul),coal (conv pul) (seawater),1990,0.005141249,0.340741,0.015088437,,
India,electricity,GodavariR,coal,coal (conv pul),coal (conv pul) (seawater),1990,0.010502766,0.340741,0.030823312,,
India,electricity,IndCstNE,coal,coal (conv pul),coal (conv pul) (seawater),1990,0.001339596,0.340741,0.00393142,,
India,electricity,IndCstW,coal,coal (conv pul),coal (conv pul) (seawater),1990,0.004281654,0.340741,0.012565714,,
India,electricity,IrrawaddyR,coal,coal (conv pul),coal (conv pul) (seawater),1990,0.000186347,0.340741,0.000546888,,
India,electricity,KrishnaR,coal,coal (conv pul),coal (conv pul) (seawater),1990,0.008864789,0.340741,0.026016209,,
India,electricity,IndCstE,coal,coal (conv pul),coal (conv pul) (seawater),1990,0.002469297,0.340741,0.007246844,,
India,electricity,PennarR,coal,coal (conv pul),coal (conv pul) (seawater),1990,0.001703489,0.340741,0.004999366,,
India,electricity,CauveryR,coal,coal (conv pul),coal (conv pul) (seawater),1990,0.00361654,0.340741,0.010613751,,
India,electricity,IndCstS,coal,coal (conv pul),coal (conv pul) (seawater),1990,0.001939749,0.340741,0.005692737,,
India,electricity,NarmadaR,coal,coal (conv pul),coal (conv pul) (seawater),1990,0.002158773,0.340741,0.006335525,,
India,electricity,IndusR,coal,coal (conv pul),coal (conv pul) (recirculating),1990,0.020477718,0.340741,0.060097605,,
India,electricity,SabarmatiR,coal,coal (conv pul),coal (conv pul) (recirculating),1990,0.034835547,0.340741,0.10223468,,
India,electricity,GangesR,coal,coal (conv pul),coal (conv pul) (recirculating),1990,0.111188046,0.340741,0.326312495,,
India,electricity,MahiR,coal,coal (conv pul),coal (conv pul) (recirculating),1990,0.002257608,0.340741,0.006625584,,
India,electricity,BengalBay,coal,coal (conv pul),coal (conv pul) (recirculating),1990,0.000666297,0.340741,0.001955435,,
India,electricity,TaptiR,coal,coal (conv pul),coal (conv pul) (recirculating),1990,0.006823169,0.340741,0.020024502,,
India,electricity,BengalW,coal,coal (conv pul),coal (conv pul) (recirculating),1990,0.010746972,0.340741,0.031540003,,
India,electricity,BrahmaniR,coal,coal (conv pul),coal (conv pul) (recirculating),1990,0.006174574,0.340741,0.018121019,,
India,electricity,MahanadiR,coal,coal (conv pul),coal (conv pul) (recirculating),1990,0.01803448,0.340741,0.052927238,,
India,electricity,GodavariR,coal,coal (conv pul),coal (conv pul) (recirculating),1990,0.036841617,0.340741,0.108122055,,
India,electricity,IndCstNE,coal,coal (conv pul),coal (conv pul) (recirculating),1990,0.004699036,0.340741,0.013790639,,
India,electricity,IndCstW,coal,coal (conv pul),coal (conv pul) (recirculating),1990,0.015019191,0.340741,0.044078027,,
India,electricity,IrrawaddyR,coal,coal (conv pul),coal (conv pul) (recirculating),1990,0.000653667,0.340741,0.001918369,,
India,electricity,KrishnaR,coal,coal (conv pul),coal (conv pul) (recirculating),1990,0.031095921,0.340741,0.091259699,,
India,electricity,IndCstE,coal,coal (conv pul),coal (conv pul) (recirculating),1990,0.008661804,0.340741,0.025420492,,
India,electricity,PennarR,coal,coal (conv pul),coal (conv pul) (recirculating),1990,0.005975502,0.340741,0.017536786,,
India,electricity,CauveryR,coal,coal (conv pul),coal (conv pul) (recirculating),1990,0.012686104,0.340741,0.037230929,,
India,electricity,IndCstS,coal,coal (conv pul),coal (conv pul) (recirculating),1990,0.006804254,0.340741,0.019968991,,
India,electricity,NarmadaR,coal,coal (conv pul),coal (conv pul) (recirculating),1990,0.007572549,0.340741,0.022223768,,
